<?xml version="1.0" encoding="utf-8"?>
<plan>
  <id>1</id>
  <lang></lang>
  <title>Quang cao giua trang</title>
  <form>sequential</form>
  <width>575</width>
  <height>72</height>
  <banners>
    <banners_item>
      <id>3</id>
      <title>Quang cao giua trang</title>
      <clid>0</clid>
      <file_name>webnhanh.jpg</file_name>
      <imageforswf></imageforswf>
      <file_ext>png</file_ext>
      <file_mime>image/jpeg</file_mime>
      <file_width>575</file_width>
      <file_height>72</file_height>
      <file_alt></file_alt>
      <file_click>http://webnhanh.vn</file_click>
      <target>_blank</target>
      <bannerhtml></bannerhtml>
      <publ_time>1453191549</publ_time>
      <exp_time>0</exp_time>
    </banners_item>
  </banners>
</plan>
